Transaction_ID,Date,Time,Sender_ID,Receiver_ID,Sender_Country,Receiver_Country,Payment_Method,Transaction_Amount,Transaction_Currency,Transaction_Velocity,Unusual_Time,Multiple_Currency_Conversions,Repeated_Failed_Attempts,Is_Fraudulent,Is_Known_Fraudster,Is_Sanctioned_Entity,Suspicion_Score,Is_Suspicious,Suspicion_Reasons,VPN_Usage,IP_Address_Change,Is_New_Device,Is_New_Location,Fraud_Type
6b9650e8-6636-41f9-8272-cba750d4232f,2024-05-14,17:52:09,56d9efb5-8e39-49ee-8f40-2022ebb5fcec,9b15e6b6-ce35-452c-b302-536e6f719c45,Japan,UK,Skrill,40781.26,JPY,6,False,False,0,True,False,False,0.2874918815556455,False,High Transaction Velocity,False,False,False,False,Low-Risk
4e57f0e4-6563-4e2c-80f7-5a8cf9c1f2e4,2024-04-25,07:48:06,402e1458-95c6-4904-9074-0be1dbbae0a6,ad50f499-6bc2-498a-8d40-aaf680463682,India,Australia,UPI,99718.8,INR,10,False,False,0,True,False,False,0.2982006610033651,False,"High Transaction Amount, High Transaction Velocity",False,False,False,False,Rapid Large Transfers
08b091e1-d04e-4e81-ad49-1d66f288fdb4,2023-11-25,05:29:12,6af66abc-0eb7-4fad-93d7-c9a69edf934e,8b410fb5-6fd5-427a-b4f1-7aec5b67d5fe,Australia,India,Skrill,13721.47,AUD,8,False,False,3,True,False,False,0.36040225324982206,False,High Transaction Velocity,False,False,False,False,Rapid Large Transfers
6fc0c5ec-499d-4921-bc6a-387fd5208ac0,2024-09-20,15:37:21,3a38ba52-a446-4780-a57b-268933db7228,1b4fa316-ecea-4355-bf2a-77e4a9664004,USA,Canada,Payoneer,182152.29,USD,10,True,False,2,True,False,False,0.4345895098177015,False,"High Transaction Amount, High Transaction Velocity",False,False,False,False,Rapid Large Transfers
7b08cb35-6105-4b90-becf-5067c9e26fe1,2024-04-12,22:37:12,3e40102f-14d0-411f-86a5-dcefd3e98999,249f3fc5-8642-4dbd-82cb-4414eb831c5d,Germany,Australia,bank transfer,65656.06,EUR,5,True,False,4,True,False,False,0.3362593666568554,False,High Transaction Velocity,False,False,False,False,Credential Stuffing/Brute Force
f5986aa3-c1dc-4b80-8366-68023be184ea,2023-10-22,08:56:51,76a6b2fc-baf9-4903-b473-4372ac99b5e5,7aa5458a-802d-436b-99cd-9ab4ef160026,Australia,Germany,Payoneer,92479.61,AUD,8,True,False,0,True,False,False,0.3309914046637337,False,"High Transaction Amount, High Transaction Velocity",False,False,False,False,Rapid Large Transfers
51b79750-9677-445b-985c-2d7aef042514,2023-10-31,08:31:13,6ede4c59-2cd1-414f-bc6a-48cb4619dedd,87535b0b-ccc1-48c7-8380-b4273ffbcaa5,Japan,Canada,PayPal,81091.09,JPY,7,False,False,3,True,False,False,0.359637292575758,False,High Transaction Velocity,False,False,False,False,Credential Stuffing/Brute Force
7ee02a54-7d26-4746-b9c3-adcff06f91b1,2024-04-12,04:34:52,1edd393e-030f-4a30-985e-05ec9a835d7a,2c5be319-59bb-49be-aee7-cb4ab88dd886,Canada,Germany,PayPal,199423.4,CAD,10,True,False,0,True,False,False,0.43340514613859976,False,"High Transaction Amount, High Transaction Velocity",False,False,False,False,Rapid Large Transfers
d27015c6-2cc7-4169-bac6-a7eb8cf5bb02,2024-08-09,00:08:26,fbf20858-0067-4df6-a745-671452e72237,abe7d244-41b9-48b4-9a66-6f315299cb21,Germany,Canada,bank transfer,15840.15,EUR,9,True,False,3,True,False,False,0.3896798645449786,False,High Transaction Velocity,False,False,False,False,Rapid Large Transfers
c0417dd9-43a4-449d-8d99-6255f4460347,2024-01-30,02:56:59,beceb091-79f3-44e5-a972-f3d680dc8a27,637d2ab6-c6e7-4d9d-91ba-22794bb6cdda,Canada,Canada,bank transfer,147397.64,CAD,15,False,False,6,True,False,False,0.47272361408456687,False,"High Transaction Amount, High Transaction Velocity",False,False,False,False,Rapid Large Transfers
c268479a-70b2-48ad-bf59-91b86798468a,2023-11-20,16:24:48,fed9e19b-3267-4e1e-b053-c37e275513be,00110d1f-efaf-43ab-885f-5f0c90062553,Australia,Australia,PayPal,29032.72,AUD,9,True,False,4,True,False,False,0.39105404244115716,False,High Transaction Velocity,False,False,False,False,Rapid Large Transfers
4e320dea-14f0-46e2-a6ae-5916b904e5cd,2023-12-07,12:48:14,689dd750-da4c-48fc-b183-76fe5ed0feb0,afdab0ae-696a-4ee1-b3ec-6d08ff247a73,Germany,France,Payoneer,191842.46,EUR,9,True,False,3,True,False,False,0.5004014743812261,True,"High Transaction Amount, High Transaction Velocity",False,False,False,False,Rapid Large Transfers
6837d718-a76d-4525-8478-0ab013e74b90,2024-02-13,20:29:44,f482dca8-9b36-42c5-955a-592b2c96a36a,cff3b49a-a70f-4071-bfc7-76be08bf4bf3,France,Japan,PayPal,166939.58,EUR,8,False,False,3,True,False,False,0.47308431263529505,False,"High Transaction Amount, High Transaction Velocity",False,False,False,False,Rapid Large Transfers
56ba0ec5-0e5a-4da6-8c2b-c729583ad7ec,2024-08-08,07:52:00,58ef3e13-62a6-4c72-b1ae-53594fae620e,2fcd6888-50e4-4964-b586-12cc8259dbd0,Canada,Canada,Skrill,38808.72,CAD,8,False,False,2,True,False,False,0.2888517999892166,False,High Transaction Velocity,False,False,False,False,Rapid Large Transfers
1301e28c-2c9d-4650-b9a0-8c8063170604,2024-03-18,07:30:50,6d561269-b163-4510-8a72-308c1d78699f,932c3d8e-940b-4a28-bab0-26fb69df4dca,India,Germany,Cryptocurrency,61748.51,INR,7,True,False,0,True,False,False,0.3249572932833111,False,High Transaction Velocity,False,False,False,False,Odd-hour Activity
48fca022-a593-4a2a-aac1-2f5cb1caf54b,2024-03-28,04:27:44,d4c6d178-ee4a-4555-b8d0-ba2b77831b90,10f1b95d-e586-4b4f-afb6-064618e246a2,Canada,Germany,PayPal,70401.25,CAD,6,True,True,0,True,False,False,0.34942840404030434,False,High Transaction Velocity,False,False,False,False,Cross-border FX Risk
352c5cfe-982e-42ff-9042-61df9a8e5793,2023-12-25,04:36:19,243a812f-1248-4b60-bab7-c3fcba3c6c65,e3b558ae-c95d-4663-aceb-20a7df004fb1,USA,India,PayPal,18024.78,USD,7,False,False,0,True,False,False,0.2873200031833894,False,High Transaction Velocity,False,False,False,False,Low-Risk
52e71590-7846-4662-9ff6-1d8431e6deef,2024-04-22,20:22:20,6eb823c9-f897-470d-a7f5-5f885f220c35,127dc753-97c3-4573-8afc-13b9b1591bf2,Japan,Brazil,Cryptocurrency,192063.99,JPY,12,True,False,2,True,False,False,0.4456741315332698,False,"High Transaction Amount, High Transaction Velocity",False,False,False,False,Rapid Large Transfers
c4b24160-77a2-4d08-9f77-134e4a5edc5d,2024-01-21,16:27:04,7253f050-a0ea-4761-b0ee-2f5e6db6fecf,ad62ef1d-14c4-4292-af14-9f723404084b,India,Netherlands,bank transfer,138180.27,INR,12,True,True,4,True,False,False,0.5298876192619152,True,"High Transaction Amount, High Transaction Velocity",False,False,False,False,Cross-border FX Risk
7ce9dad2-25ca-4513-84d5-5cefda55522b,2024-04-18,11:21:45,ec58edc3-e5a0-4b9d-bce3-aa4df19c9613,09393053-251d-4297-b01a-32f12987c1cc,Canada,Netherlands,Cryptocurrency,141997.95,CAD,8,True,False,3,True,False,False,0.4925884494174942,False,"High Transaction Amount, High Transaction Velocity",False,False,False,False,Rapid Large Transfers
6d5e94d1-7ab6-452a-8ef0-4d65a01f4aff,2024-05-13,22:22:56,6d01709c-de2e-4b77-887b-a8a10829dcf4,6eda93f4-d55e-421f-9e43-9c761d230d40,India,UK,PayPal,71106.13,INR,7,False,False,4,True,False,False,0.3663057240548125,False,High Transaction Velocity,False,False,False,False,Credential Stuffing/Brute Force
b7c3273c-edef-4d1a-91c2-4e9991ee103e,2024-02-25,16:05:13,f8a70d50-734c-405a-9f40-c4a4d1d5d705,837ec93c-09d5-49a5-8950-5a2bbebad36e,Brazil,Germany,UPI,78898.01,BRL,6,True,False,3,True,False,False,0.3980744607038486,False,High Transaction Velocity,False,False,False,False,Credential Stuffing/Brute Force
4452ef76-05c7-4b42-9689-6260566cf1d0,2024-06-19,19:01:47,e18a8ccd-3e0e-41a5-a43c-f4d5bc1d3b69,bf053b8a-03cc-420f-b4f7-8e856d96c6a4,Japan,Germany,Skrill,131315.51,JPY,6,True,False,5,True,False,False,0.5030631501618906,True,"High Transaction Amount, High Transaction Velocity",False,False,False,False,Credential Stuffing/Brute Force
3fb41430-7e58-4eba-9228-c9759d93e59f,2023-10-21,10:56:49,a90e8a4f-175b-4be1-9b08-4763423447a6,48ba7d26-a512-420d-b898-c5faca7e050a,France,Netherlands,Payoneer,152884.13,EUR,10,False,False,4,True,False,False,0.4827696216826229,False,"High Transaction Amount, High Transaction Velocity",False,False,False,False,Rapid Large Transfers
faa20c54-db4f-438c-b480-c97f61af2252,2024-06-30,18:48:31,b2024374-0f65-4c40-9e3e-4c21f522f3cc,f5ecd92b-07ac-48a9-b5ac-dfcb673d031a,Netherlands,Japan,PayPal,29930.39,EUR,10,True,True,2,True,False,False,0.35427038951408935,False,High Transaction Velocity,False,False,False,False,Cross-border FX Risk
7cddb4b0-d481-4da3-bd93-2f912957eb7c,2024-06-18,14:56:06,634eee98-4d68-46b4-8431-af9e5459c34e,620fbc37-fb10-4d1b-b1c0-27a3b6e1bf20,Netherlands,Brazil,UPI,133192.4,EUR,14,True,False,1,True,False,False,0.4312562869378743,False,"High Transaction Amount, High Transaction Velocity",False,False,False,False,Rapid Large Transfers
5c7f77b9-4fb3-45d3-9681-477b6b50c7d9,2023-11-15,15:04:18,edd4410b-d7f4-4477-99bd-13e70eee57f5,98c2c14b-2b14-4330-a6e8-85b184754fdb,UK,Netherlands,Skrill,108333.14,GBP,4,True,True,2,True,False,False,0.3686690364791751,False,High Transaction Amount,False,False,False,False,Cross-border FX Risk
be4c2f85-e2f3-49e6-9a0f-a95a87410f90,2024-08-20,12:58:06,343e242b-77a6-4329-a4e0-69ee74023e26,63476c82-9add-4af2-8ca8-4a7345a60963,UK,USA,Cryptocurrency,140452.23,GBP,8,True,True,5,True,False,False,0.5415554947523797,True,"High Transaction Amount, High Transaction Velocity",False,False,False,False,Cross-border FX Risk
82c1246e-7333-48ba-a284-c8660dc49f55,2024-04-06,03:17:44,3004ed4c-d22a-44c2-9cbf-0004c7d92aca,4df35b3b-7d6d-4c6b-8778-1b431e2284b5,Germany,Australia,Payoneer,99539.06,EUR,10,False,True,5,True,False,False,0.40124226349478903,False,"High Transaction Amount, High Transaction Velocity",False,False,False,False,Cross-border FX Risk
822f45c4-d9c2-43de-a8cb-5f43108ab31c,2023-11-10,14:10:50,257d1641-78b4-4106-a916-847af3bc9649,f4e3adc6-5fe7-4401-b6eb-8ef626f63671,UK,India,Cryptocurrency,154393.93,GBP,10,False,False,5,True,False,False,0.47335842586952265,False,"High Transaction Amount, High Transaction Velocity",False,False,False,False,Rapid Large Transfers
799b526f-f280-409b-a102-0cada48250de,2024-02-29,16:46:43,b95d23c2-29f9-4cce-98f0-09bc627fa825,bd0c2179-cf7f-4e15-a598-23a78b765bab,Netherlands,Australia,PayPal,111368.26,EUR,9,False,True,2,True,False,False,0.45099372414294836,False,"High Transaction Amount, High Transaction Velocity",False,False,False,False,Cross-border FX Risk
fb90cd52-74a8-4b19-a15c-6846fc33c6ed,2024-07-15,21:47:19,e6c8c582-e38e-4f48-9513-188cb8aeff5e,46eb781a-200a-47f1-bf47-7cd283557ac5,Australia,Australia,bank transfer,123708.31,AUD,7,False,False,1,True,False,False,0.40377522364863333,False,"High Transaction Amount, High Transaction Velocity",False,False,False,False,Low-Risk
f0529edf-d1b3-4bc6-8ff7-454e49414e5d,2024-07-09,08:19:40,9fef5a2a-d95c-47cf-ade3-2baf843d9bdc,f0d561ac-d867-46c0-abb0-0dab90c4f658,France,Brazil,bank transfer,63195.1,EUR,7,True,False,7,True,False,False,0.39789415375025916,False,High Transaction Velocity,False,False,False,False,Credential Stuffing/Brute Force
98970323-ce7e-4faa-a63a-70fb1015a090,2024-07-04,20:47:29,05ac2851-797f-4e35-b580-c43168c6ac6a,cd68a49c-777e-4fe4-bb9c-2af7cc8eb0d4,USA,Netherlands,Payoneer,156050.11,USD,8,False,False,5,True,False,True,0.45415927927055455,False,"High Transaction Amount, High Transaction Velocity",False,False,False,False,Sanctioned Entity
2d3fc803-6e3c-4dba-8b77-4499df75b846,2023-12-18,07:34:20,6bc35d6c-94b5-4d68-bfbb-3c420bf53ea5,15055379-7756-4b96-9bdf-895db4dba173,Brazil,UK,Cryptocurrency,162900.67,BRL,10,False,False,4,True,False,False,0.47617859846420174,False,"High Transaction Amount, High Transaction Velocity",False,False,False,False,Rapid Large Transfers
89d9abb3-c1ef-480c-8ba6-84c70a841cf9,2024-06-21,04:16:04,eaf01ad8-f4c0-4f85-8dc3-a2ce02c6f0fa,4224357a-d151-427d-a476-71eec47b37b5,Brazil,Netherlands,bank transfer,104284.03,BRL,11,False,False,3,True,False,False,0.47420527523404304,False,"High Transaction Amount, High Transaction Velocity",False,False,False,False,Rapid Large Transfers
d7693872-0a57-439a-9e42-4a201abbec9b,2024-01-04,10:40:05,638991dc-fd41-4239-97af-5aedac7fb583,fdda1bda-a504-4222-9f69-fd256c92a811,France,Germany,Cryptocurrency,49914.87,EUR,9,True,True,2,True,True,False,0.34184005052867417,False,"High Transaction Velocity, Known fraudster involved",False,False,False,False,Known Fraudster
3110f11a-6891-4a05-8fa3-0263becede72,2024-02-23,07:03:28,dd224a45-fcf8-4491-9176-6decf6ecf2f6,4fe4b2b4-448f-49d7-b944-37b4567fb0d1,India,Germany,Skrill,106617.24,INR,7,False,True,0,True,False,False,0.44337405775234706,False,"High Transaction Amount, High Transaction Velocity",False,False,False,False,Cross-border FX Risk
ac8f56b7-bab9-4b6b-8514-4c1703ce81c2,2024-08-29,02:31:15,c26b0cd6-47b6-44c9-b6d6-d8623f3d99a4,363680d4-35e6-4af0-98ef-fbae5adc10da,Japan,France,Cryptocurrency,12239.03,JPY,4,True,False,5,True,False,False,0.31183913821322395,False,Unknown,False,False,False,False,Credential Stuffing/Brute Force
7327c4c1-76c3-4cb1-9c0d-adb294558ea6,2024-04-04,16:27:31,53fa2229-fd14-4b5e-93b9-ebcc68e6d062,3c1a3bcb-0377-4d69-a32b-284f1b3eeb6e,India,Germany,Cryptocurrency,106893.9,INR,7,True,False,2,True,False,False,0.4448741761113574,False,"High Transaction Amount, High Transaction Velocity",False,False,False,False,Odd-hour Activity
60a78d86-e48d-4204-98a7-d9d502def9be,2024-02-02,00:23:48,39c04416-a4e2-4f25-9ead-146a506a7933,da409dd2-a147-49b6-9805-4b790297da1b,Germany,Australia,bank transfer,76684.4,EUR,8,False,False,4,True,False,False,0.367700574954281,False,High Transaction Velocity,False,False,False,False,Rapid Large Transfers
eac59384-e0b1-485f-8ac9-2a8d9d0ad5fb,2024-06-26,06:37:28,f5fdbe15-dab2-4242-921d-d6a76b38ffc0,c2bd18dc-78be-4999-823f-dc836493c78e,Japan,France,PayPal,56657.56,JPY,9,False,False,3,True,False,False,0.3613397501544932,False,High Transaction Velocity,False,False,False,False,Rapid Large Transfers
033843a3-e1f4-4fe1-8cad-5395dd8728c9,2024-01-25,21:25:36,38d3d3b0-3227-49fe-8731-b94d67fb11ff,80332782-98e2-49be-a13a-b27d105c1820,France,Japan,Payoneer,184152.59,EUR,5,False,True,1,True,False,False,0.3774564457478201,False,"High Transaction Amount, High Transaction Velocity",False,False,False,False,Cross-border FX Risk
bd5926d8-15fb-4718-ab03-8a7514b0cd24,2024-05-23,04:37:44,bc59fa52-8b52-4733-914f-69abad2dd993,c85c1ba4-21b2-4441-9cc4-f4ecdf9b3293,UK,France,Skrill,122910.94,GBP,3,True,False,3,True,False,False,0.3908828755400961,False,High Transaction Amount,False,False,False,False,Credential Stuffing/Brute Force
780e6184-e769-41f1-9d22-3b68bdc9fb11,2024-05-25,12:59:53,cc227d6a-f32f-4aa5-9439-e299cb780821,bef43437-ccb9-4b4f-947c-e0e1a3a7aaea,Japan,Japan,bank transfer,122393.88,JPY,8,False,False,2,True,False,False,0.41357670369236565,False,"High Transaction Amount, High Transaction Velocity",False,False,False,False,Rapid Large Transfers
540cf46d-6983-4e54-824e-bbfa6510ff0b,2024-01-18,13:13:25,e5d22d37-3968-4cd6-8a60-9a4f12dd23d8,23d475a1-fe93-4e22-b70b-8f2ac8d7366e,Japan,Germany,UPI,81388.84,JPY,5,False,False,4,True,False,False,0.2989691182979197,False,High Transaction Velocity,False,False,False,False,Credential Stuffing/Brute Force
bb045410-15d6-46bb-81da-76eae1d58a2e,2024-03-20,05:47:30,fca673f3-a028-4e81-aeb8-1c254ae38403,622dcffb-9090-49cf-a9e8-1937c697c712,France,Japan,Payoneer,103124.89,EUR,5,False,True,6,True,False,False,0.45368048369105574,False,"High Transaction Amount, High Transaction Velocity",False,False,False,False,Cross-border FX Risk
3f6ea770-a7dc-47f7-98ec-6a859d7b69e7,2024-03-01,21:57:00,990a1858-9b60-4525-a549-24b4647c48de,e57409b2-4de7-4061-8a8c-69af6b73b40c,USA,Netherlands,PayPal,35428.87,USD,6,True,False,3,True,False,False,0.39103020204463834,False,High Transaction Velocity,False,False,False,False,Credential Stuffing/Brute Force
07795312-2a8c-4a3f-85e4-258c7ad0eb80,2024-06-26,11:28:54,c6303ea6-ef2b-4e96-97d5-bdc2c9612b96,70ecfd59-b7ad-4c26-9739-653dbccea0c4,France,France,bank transfer,70843.61,EUR,8,False,False,2,True,False,False,0.29948493751657757,False,High Transaction Velocity,False,False,False,False,Rapid Large Transfers
cb00b90e-2f54-43fd-9c01-21057101bec9,2024-04-07,20:28:59,2330b531-6942-4117-a5eb-d5a3fa7a3c7b,38122cae-3915-433b-aa77-b4ebc4495b93,Japan,Japan,bank transfer,115425.11,JPY,3,True,False,2,True,False,False,0.33164465898726475,False,High Transaction Amount,False,False,False,False,Odd-hour Activity
49956cab-fac7-401f-9c1d-d2a0b5c21088,2023-11-15,02:48:15,657700f9-8fbf-498a-95e5-877716166012,2c1b658f-e796-4580-b5ed-e73cec567880,Germany,Japan,PayPal,108646.5,EUR,12,False,False,2,True,False,False,0.4183435568174409,False,"High Transaction Amount, High Transaction Velocity",False,False,False,False,Rapid Large Transfers
8bb2c8fe-23f9-4665-b099-bb450808b35b,2023-12-26,13:02:01,a7d15ef0-affb-476f-9ba3-ef34a32b5bf3,712134b6-78d4-4f59-939a-e8fd799a546d,France,USA,PayPal,18697.91,EUR,7,True,True,1,True,False,False,0.3559493427359749,False,High Transaction Velocity,False,False,False,False,Cross-border FX Risk
3ec1bf5f-ea79-4c3c-b914-2ec517185205,2024-01-16,11:06:41,7bbf6304-976e-4da3-8307-0256117a4869,e17f63f1-353c-4bb9-960d-1119f1551ee1,Netherlands,Germany,Skrill,47460.66,EUR,7,True,False,1,True,False,False,0.3294625849263629,False,High Transaction Velocity,False,False,False,False,Odd-hour Activity
d29cb215-3d9e-4cf5-8002-7d4ec41b63f5,2024-07-04,05:50:40,16f5ef93-9108-4c85-a63d-39872305fa82,ef1f90f6-a4d9-463c-9e67-72b04d444769,Germany,USA,PayPal,4561.95,EUR,7,False,False,6,True,False,False,0.3703299802881803,False,High Transaction Velocity,False,False,False,False,Credential Stuffing/Brute Force
a76ff812-71b8-40b4-bc1d-6bf3bd71f4a0,2024-08-19,16:26:39,6eaf3882-0e15-4b1d-a5df-f82a1ad18340,d89bb853-9324-4499-9966-c806e95e71a5,USA,Canada,PayPal,23244.03,USD,6,True,False,3,True,False,False,0.3874457502810668,False,High Transaction Velocity,False,False,False,False,Credential Stuffing/Brute Force
53a928b5-26c7-4eb4-b990-b0724852ff9c,2024-06-21,05:10:21,f9a0accd-c6a9-4242-b699-299bc8e7f265,1002d670-d592-4c62-a3d5-984f212406e6,France,Netherlands,PayPal,40761.64,EUR,10,False,False,7,True,False,False,0.3794493315341778,False,High Transaction Velocity,False,False,False,False,Rapid Large Transfers
8ce72b04-f6ab-4c2e-b34c-c9ff3ce33afb,2024-05-05,07:20:06,0e64e97b-4990-4908-b38f-ff05b67ef2db,b0e75a1e-cee5-48e6-a862-800680cd92a9,Australia,France,Cryptocurrency,35591.21,AUD,6,True,True,3,True,False,False,0.42318122553703946,False,High Transaction Velocity,False,False,False,False,Cross-border FX Risk
b008cc4e-e36a-4df3-834e-87db9268d032,2024-07-18,17:56:54,ba373c96-03c3-4a52-a291-039082ad0fca,3c72d944-6e39-4829-b43c-65ca5750f377,Japan,Netherlands,Cryptocurrency,85675.78,JPY,6,False,False,1,True,False,False,0.2913518842145572,False,High Transaction Velocity,False,False,False,False,Low-Risk
bc477ad7-8b53-4660-a4e6-284a9009662b,2024-09-26,06:16:17,04c0ac7d-1528-4ec3-b003-39d70c8859bc,b7f33ea0-ead7-457c-b80b-149fa82da6de,Brazil,India,Payoneer,95572.04,BRL,8,True,False,1,True,False,False,0.3255584437760773,False,"High Transaction Amount, High Transaction Velocity",False,False,False,False,Rapid Large Transfers
1f0aceee-7826-465b-aa55-cf19fb265a7f,2024-07-27,04:54:49,2dd4c10f-5b9c-4d65-b7ad-94b0a2a305aa,9b95cd60-c521-4752-b686-7bd1372680fa,UK,Germany,Payoneer,41200.24,GBP,7,False,True,4,True,False,False,0.3953622009818425,False,High Transaction Velocity,False,False,False,False,Cross-border FX Risk
c356af33-2fd1-4850-956c-aae769712177,2024-08-24,20:16:03,46c347c4-b287-45f1-a6c2-9b22bc9e3e7d,93019e80-d2c8-449c-af65-77c3ea755f7c,UK,France,Cryptocurrency,196055.88,GBP,7,True,False,6,True,False,False,0.5061067564391678,True,"High Transaction Amount, High Transaction Velocity",False,False,False,False,Credential Stuffing/Brute Force
e0d19e8e-ff8b-41af-9397-d90fd7c6cb90,2024-03-24,05:18:19,fae2bb78-9590-4a04-8ae0-488e8e94c2ba,e1495c6a-11b7-4ad1-af12-924a7aee4a3d,Canada,France,UPI,27333.3,CAD,10,False,False,4,True,False,False,0.3703428532933184,False,High Transaction Velocity,False,False,False,False,Rapid Large Transfers
c8ffebfe-d106-49ef-9939-a315fb27a306,2024-02-26,21:18:35,e32158e7-20ea-4424-b5cf-ebe14f7a6432,062fb3bd-fc88-48f4-9e34-47f687a75f97,Netherlands,Japan,UPI,70784.04,EUR,11,False,False,2,True,False,False,0.30094933734107093,False,High Transaction Velocity,False,False,False,False,Rapid Large Transfers
f4189446-673f-4fa4-aa54-09254a488bb3,2024-05-02,00:57:49,c7fbb4d7-a89d-46c0-959d-977378bf6172,5834607e-6eae-4dfd-962b-8d3f43ca5fda,France,Brazil,UPI,746.88,EUR,9,True,False,5,True,False,False,0.3992043455832355,False,High Transaction Velocity,False,False,False,False,Credential Stuffing/Brute Force
4a96b280-6b77-4116-a468-a58b06f2d3f6,2024-04-26,21:14:37,a5874143-353b-4f6f-8b5c-cae8655d1128,c719b268-65c3-43c3-ba40-f27b18165378,Germany,India,bank transfer,131954.65,EUR,8,True,False,8,True,False,False,0.49343588700127083,False,"High Transaction Amount, High Transaction Velocity",False,False,False,False,Rapid Large Transfers
7079a9e4-ff6c-4b31-aa8d-90f63b7d0761,2023-10-29,16:54:50,9b7537bd-769f-4400-8988-5c4250f08586,49083a31-32f8-4511-b488-9b27f41368f1,India,Japan,Skrill,179446.53,INR,6,True,True,0,True,False,False,0.47177691761439483,False,"High Transaction Amount, High Transaction Velocity",False,False,False,False,Cross-border FX Risk
6daa197f-0422-48f0-99e2-1e15d51baff2,2024-08-05,11:53:45,941f935a-d8a8-4bcc-807c-dbb64d80dda2,d6b09f91-a582-44e3-9d26-53fee5d31e55,France,UK,Payoneer,89519.42,EUR,7,False,False,1,True,False,False,0.2974059603086384,False,"High Transaction Amount, High Transaction Velocity",False,False,False,False,Low-Risk
cb1fc3bd-ec6a-4068-b772-9f6ee822ff60,2024-01-26,07:27:13,c91577ec-5b4a-4645-bc38-b31bbc1f07d5,557e242d-1cac-4f8c-9bc3-bda10f5f6065,UK,India,PayPal,177149.85,GBP,11,True,False,6,True,False,False,0.4990249954418506,False,"High Transaction Amount, High Transaction Velocity",False,False,False,False,Rapid Large Transfers
827887ea-c58d-4e99-bfd5-7bfc270cdde8,2023-11-19,17:23:52,7b94937c-3ec6-4fb9-822f-76325b0e7a44,04c901e7-a238-4009-b715-bb84e3363a5d,USA,Canada,bank transfer,152671.79,USD,9,True,False,2,True,False,False,0.43163506310538546,False,"High Transaction Amount, High Transaction Velocity",False,False,False,False,Rapid Large Transfers
cbca5c3f-a412-4c2d-a256-1ea4faeb4d9d,2024-03-25,09:42:27,3bd8e2fe-4544-4330-bf03-c9f15de13f31,d7cb30d0-85f0-4771-9414-7c9f2347beb5,Australia,India,Skrill,16400.09,AUD,6,True,False,1,True,False,False,0.32442104608730027,False,High Transaction Velocity,False,False,False,False,Odd-hour Activity
0297e063-8ea8-4b9e-bb4d-4327c4b951e6,2024-05-21,01:09:05,d5a87a5f-8379-48eb-9a16-a03a84248da3,bec1ef23-239e-48ca-8740-223851feb3a1,USA,Japan,Cryptocurrency,154356.17,USD,7,False,False,0,True,False,False,0.41314717862643735,False,"High Transaction Amount, High Transaction Velocity",False,False,False,False,Low-Risk
32a03e99-0ea4-46a4-9048-87c2cbd2e439,2024-06-03,03:00:02,1b6f9739-54b6-4a52-a046-b0c4251f4045,e27e146b-96c6-4a5b-b98d-d30503d3e045,Germany,USA,Skrill,189705.1,EUR,11,True,True,2,True,False,False,0.4805526335690926,False,"High Transaction Amount, High Transaction Velocity",False,False,False,False,Cross-border FX Risk
6062e741-10ad-4608-951a-2c35e6a5f0bc,2024-05-21,14:19:06,4243790d-d3db-4c70-bfe5-571ea14197a7,be912447-fe24-4bdd-b45e-346f720198b4,USA,Brazil,bank transfer,111025.45,USD,6,True,True,6,True,False,False,0.5292472658189037,True,"High Transaction Amount, High Transaction Velocity",False,False,False,False,Cross-border FX Risk
280be219-fa41-46c4-8e7f-c40df1123431,2023-11-03,00:12:20,bf558f57-0c11-44b0-9f58-8f60f407b72c,0194cf6d-b2ea-431f-a48e-0d5cc89e7f94,UK,Germany,Payoneer,171543.92,GBP,10,True,True,0,True,False,False,0.48201000158520724,False,"High Transaction Amount, High Transaction Velocity",False,False,False,False,Cross-border FX Risk
7e279da1-0c79-48bb-991f-92a5aba3f43d,2023-12-03,05:22:34,a5b16e06-f95c-42a8-b711-ed1bbe9bb838,9929283b-b684-4fad-9c72-e0a63eb77b10,Japan,USA,bank transfer,193618.83,JPY,8,True,True,1,True,False,False,0.47670667358934443,False,"High Transaction Amount, High Transaction Velocity",False,False,False,False,Cross-border FX Risk
5cb0f30a-6311-4038-b832-5521432aa5a1,2023-12-26,13:45:02,2b128eaf-98a2-4115-abec-152fdb61f3a2,b15fb0fb-98ff-4530-944b-171f63e2f6d0,Canada,France,PayPal,117905.73,CAD,12,True,True,2,True,False,False,0.4640245168475518,False,"High Transaction Amount, High Transaction Velocity",False,False,False,False,Cross-border FX Risk
8b768f19-bf9d-4cd6-bf0f-edd42fda4462,2024-09-22,12:22:52,5060fc61-6593-4f44-9f6b-dd4c632a74a9,fda445bd-fad4-43a2-88e9-12d5516d9f1b,Australia,USA,bank transfer,73115.25,AUD,9,False,False,1,True,False,False,0.28663293423346,False,High Transaction Velocity,False,False,False,False,Rapid Large Transfers
752688c7-738c-41c5-82fc-999e72e216d7,2024-06-15,00:14:28,a4a3267b-6170-4149-ad50-10e88dc08c4f,f012d205-b9b6-498b-bb9a-eb5c4989a0d8,India,Australia,PayPal,130671.85,INR,4,True,False,4,True,False,False,0.39283961480091023,False,High Transaction Amount,False,False,False,False,Credential Stuffing/Brute Force
f5bd3210-f43a-4f14-a69c-cc2631f41f30,2023-11-12,23:58:17,6b58edb9-a373-4789-9458-a51d9e95a3d1,c6d3a77b-8c8f-4964-b558-4befabbe0e6b,India,USA,Skrill,22084.64,INR,7,True,False,0,True,False,False,0.3223290302799632,False,High Transaction Velocity,False,False,False,False,Odd-hour Activity
ce839f9b-c30f-4930-9cd1-a9194ebab87a,2024-05-17,21:52:15,8598fb4c-03d3-4898-a35c-e851ea1eebbf,b3698a26-70ef-45f7-bc15-96c97d878c56,Japan,USA,UPI,8703.09,JPY,8,True,False,5,True,False,False,0.40635486510203656,False,High Transaction Velocity,False,False,False,False,Credential Stuffing/Brute Force
be95fd7c-43f9-4fa9-a7c2-b1656a850276,2024-08-21,00:51:46,1ea7a4e8-bf95-4134-ac67-51e132030e27,730a6aba-b01f-4c82-821c-f8a26eabf14b,Canada,Brazil,Cryptocurrency,67203.5,CAD,8,True,False,4,True,False,False,0.39629030491011485,False,High Transaction Velocity,False,False,False,False,Rapid Large Transfers
088b9e4b-02e2-4872-bac5-22f5b498fd0e,2024-02-24,02:36:42,0ab59b73-a024-40c4-8232-bf375452aadb,71e92f64-1aff-4fe2-a46c-7130a6ffa4fc,Germany,France,PayPal,146852.96,EUR,4,True,False,5,True,False,False,0.3976967857920445,False,High Transaction Amount,False,False,False,False,Credential Stuffing/Brute Force
3ff5ed6d-7cad-46da-a815-8750f3e51aaa,2024-08-19,06:04:27,ca8b6441-7a04-42b6-be58-2a8057e5e641,3fe209b0-86dc-44ca-b9c4-964b513446c7,Australia,France,Skrill,124110.75,AUD,8,False,False,0,True,False,False,0.4073661398926785,False,"High Transaction Amount, High Transaction Velocity",False,False,False,False,Rapid Large Transfers
751808d3-4d1a-48c2-97e5-42fed09f1a0b,2024-02-11,21:42:59,0462df71-fb56-4abc-a1a4-ed9329ebad70,86e99c4f-8c49-4820-827c-8b84eaded623,Japan,Germany,Cryptocurrency,84152.75,JPY,12,True,False,1,True,False,False,0.32962212520435313,False,High Transaction Velocity,False,False,False,False,Rapid Large Transfers
500b5cec-3e11-4513-8abf-3866902f976c,2024-03-08,19:02:00,b79a2da5-c064-4ca1-8c2c-92a84bcbf94d,004989e4-6344-4647-b3f4-cbeea43f76b6,Japan,Australia,Cryptocurrency,96375.93,JPY,17,False,False,6,True,False,False,0.36349181824000837,False,"High Transaction Amount, High Transaction Velocity",False,False,False,False,Rapid Large Transfers
37a5f5d2-29f2-491f-8478-b9b7ed476708,2024-07-22,12:55:59,4ac669b0-2c2a-48d7-be9f-1db0cea120c9,76acfe2b-995f-49b0-bfaa-aadaf08ce38d,Australia,France,Skrill,116524.99,AUD,11,False,False,5,True,False,False,0.4689327389192995,False,"High Transaction Amount, High Transaction Velocity",False,False,False,False,Rapid Large Transfers
844be518-6b54-4420-9366-9f9143a365b8,2024-08-31,23:09:45,195397d1-88c1-4568-896d-550275b4a316,8ae65ed1-418c-4bcd-bb65-857375c7b3ce,India,UK,Payoneer,177489.73,INR,3,False,False,2,True,False,False,0.30448212543165815,False,High Transaction Amount,False,False,False,False,Low-Risk
b1e0080d-e141-496a-aeba-cc480ce856cc,2024-02-24,07:57:56,a30285be-a8a6-4852-9003-b6f3903dfb93,5a9732e3-2e2a-445b-a651-1b8fcec3075e,Brazil,Canada,Skrill,88841.08,BRL,14,True,False,3,True,False,False,0.3907909538980628,False,"High Transaction Amount, High Transaction Velocity",False,False,False,False,Rapid Large Transfers
6de4916a-38f1-4828-8cd7-b543870d440a,2024-09-14,01:41:43,bc010b5e-5462-4144-9496-02b88e053d9e,bed07d6e-79be-463e-9a6b-44f1d7fdb467,Germany,India,PayPal,56040.1,EUR,2,False,False,4,True,False,False,0.2538328731042292,False,Unknown,False,False,False,False,Credential Stuffing/Brute Force
11affb2d-4a62-4a93-b9c3-a46fc4eaacd2,2024-06-19,08:59:35,64696a04-6a93-4d84-a39b-fe714b91fd6b,fb395b56-691f-4a21-a175-55f02cb33411,France,USA,UPI,38458.55,EUR,7,True,False,2,True,False,False,0.32866780773891835,False,High Transaction Velocity,False,False,False,False,Odd-hour Activity
c21d346c-9061-4969-a0db-c84b6642426b,2024-03-14,12:40:26,1975f26b-b61c-4d18-92f8-2eb257bf6259,8e571b7c-8dda-4d2e-91ac-90c168289fbc,Brazil,UK,Payoneer,104679.89,BRL,7,False,False,3,True,False,False,0.47637945295557055,False,"High Transaction Amount, High Transaction Velocity",False,False,False,False,Credential Stuffing/Brute Force
89d145c5-f6c0-453c-b495-3948edf1352d,2023-12-29,20:13:18,a5f472b2-a674-4202-8dcf-ca38b3165b3e,282e7128-b3f9-4b60-b6ae-9f33bba9455e,UK,Brazil,PayPal,192609.61,GBP,10,True,False,4,True,False,False,0.5018438295594063,True,"High Transaction Amount, High Transaction Velocity",False,False,False,False,Rapid Large Transfers
bfb0524a-c22a-4fc4-a729-c873b6f6f51b,2024-07-28,13:35:49,92e74214-eb15-44b3-913f-c0b18b349dae,2ce66679-09d3-41f3-acd4-040b95dca825,Japan,France,bank transfer,97459.62,JPY,6,True,False,3,True,False,False,0.3934945783335815,False,"High Transaction Amount, High Transaction Velocity",False,False,False,False,Credential Stuffing/Brute Force
34beb74a-9be6-49aa-83c1-b4ba6bb20ff7,2024-02-22,20:59:31,7139535b-a5e1-4043-b177-19b9e60fae0b,c023a9fc-bcec-468a-80ed-61a80ff10327,Australia,Germany,Skrill,184571.3,AUD,8,True,False,0,True,False,False,0.43862153151438454,False,"High Transaction Amount, High Transaction Velocity",False,False,False,False,Rapid Large Transfers
1b63abeb-b8ee-4303-a6be-e34c53c36e35,2023-12-15,04:18:43,6d4c6c8c-af40-4553-8748-3ee2c967ff44,efb8ea1e-3688-445f-9bf4-ae2e1c76b3eb,USA,Canada,bank transfer,113012.97,USD,13,True,False,2,True,True,False,0.4132246294309388,False,"High Transaction Amount, High Transaction Velocity, Known fraudster involved",False,False,False,False,Known Fraudster
7e2fac28-abf1-4ea0-9ae2-9f28880a6ee0,2024-01-13,03:57:57,c0d353ae-42c1-4b60-a6f1-d1c103848566,c1eab179-5f80-4a57-93ee-dc96882f57f5,France,UK,Cryptocurrency,35177.13,EUR,7,True,True,3,True,False,False,0.42792222023160664,False,High Transaction Velocity,False,False,False,False,Cross-border FX Risk
e81a3b72-1c5b-4eef-a856-2806f6a5f0c9,2024-04-29,19:21:11,35cb6ef1-d5a6-4796-8a05-d64643893552,579f0b10-fc42-43e9-9180-52bb13679c9c,France,USA,PayPal,99754.5,EUR,13,True,False,4,True,False,False,0.4036868760662623,False,"High Transaction Amount, High Transaction Velocity",False,False,False,False,Rapid Large Transfers
b08e3f91-84ea-4b5f-8513-e3473f2d53f4,2024-05-27,14:50:49,e0a2973b-6ad1-480d-a7f4-acacfb0cf168,3182890c-3357-4313-a3dd-511bde013845,Netherlands,Netherlands,Cryptocurrency,37133.32,EUR,5,True,False,4,True,False,False,0.3412773396397477,False,High Transaction Velocity,False,False,False,False,Credential Stuffing/Brute Force
da4aed43-7d73-4c56-8669-a678aa1a4d98,2024-02-05,04:02:43,22db0907-acd7-41a7-9c63-d6430bdb3d6a,79d3de76-31d9-4b2f-bba5-adb34561df69,Netherlands,Australia,Skrill,96015.39,EUR,9,True,False,0,True,False,False,0.32584074852679445,False,"High Transaction Amount, High Transaction Velocity",False,False,False,False,Rapid Large Transfers
7aebc225-0684-4cb4-9ecb-e5e5af67868c,2023-11-13,01:22:15,b06d3cc4-fec5-42f2-a1cd-3c77c2f49af1,3e6839a8-c3f1-497c-b6bd-0f9842a57011,Germany,Netherlands,PayPal,166954.36,EUR,11,False,False,3,True,False,False,0.477831208069787,False,"High Transaction Amount, High Transaction Velocity",False,False,False,False,Rapid Large Transfers
67383bfd-c6ef-4462-87af-bc2bef80ab40,2024-05-13,17:22:11,780fd899-486d-4c19-a05d-e9d9e22e6ebe,4d2b131e-179a-4b46-9a9e-2a3dcce1d04a,UK,Australia,PayPal,161449.08,GBP,12,True,False,6,True,False,False,0.49835870055347575,False,"High Transaction Amount, High Transaction Velocity",False,False,False,False,Rapid Large Transfers
479abb89-55a0-443c-88ae-d456b9506389,2023-11-15,14:18:55,4ddc6414-748d-416f-ac0f-98017f870b52,109d385c-7824-45eb-abdc-28689f3cc876,USA,Germany,Payoneer,160.28,USD,12,False,False,1,True,False,False,0.29395475141302735,False,High Transaction Velocity,False,False,False,False,Low-Risk
ad08a02d-7bab-4a24-b429-e5a728eed2fd,2024-07-13,19:51:19,c4c97d8d-0d9e-4c67-af32-9ad887dd05ad,3f63203a-16da-4868-8320-a55080f31b27,Japan,Canada,UPI,61700.96,JPY,9,False,False,0,True,False,False,0.2907323902500492,False,High Transaction Velocity,False,False,False,False,Rapid Large Transfers
ae29de84-a74b-4555-bdbd-631e14df35a5,2024-03-18,17:55:36,b319f866-37a7-4abe-b611-e8101ff4819c,4da89d04-5089-42e0-970a-018a72f166d0,USA,Canada,Payoneer,40407.43,USD,13,True,False,6,True,False,False,0.404888804325128,False,High Transaction Velocity,False,False,False,False,Rapid Large Transfers
d30da997-94b9-4c83-8dc9-ef03841d53a0,2023-12-24,12:23:01,266eb8e3-dcf8-4596-81bc-0f4558b7d276,99b4611e-b7da-4aa8-8585-50890bfa1f75,India,USA,UPI,135700.75,INR,10,True,False,1,True,False,False,0.4342171176646243,False,"High Transaction Amount, High Transaction Velocity",False,False,False,False,Rapid Large Transfers
fededa3c-174a-4a64-b43b-8a1e7bf13a67,2024-04-14,09:38:00,8dd7f3cd-640b-49f0-9621-88f92128ee3e,d119a58f-18a1-4bd1-8e54-f604435a087b,Germany,Canada,Skrill,28640.34,EUR,9,False,True,1,True,False,False,0.32145492717753527,False,High Transaction Velocity,False,False,False,False,Cross-border FX Risk
85b244ee-50e5-4c88-a04a-88213535f5e8,2024-02-19,22:34:04,ff4c397f-5993-4b2f-aada-f590b83c6f52,7f1da810-52cd-4fac-aa05-51d71c1d1ef6,Canada,Canada,Skrill,103531.97,CAD,7,False,False,4,True,False,False,0.4720008727591492,False,"High Transaction Amount, High Transaction Velocity",False,False,False,False,Credential Stuffing/Brute Force
06ca384b-6b3b-491a-93d3-7c11a723a8a8,2024-06-19,10:45:26,7116cddb-356a-47ba-9893-4610e05e101d,1a6bc6d1-e509-428b-a101-70a8d5e7de48,India,Netherlands,Cryptocurrency,171933.3,INR,9,True,False,1,True,False,False,0.4371095567849094,False,"High Transaction Amount, High Transaction Velocity",False,False,False,False,Rapid Large Transfers
a6c3e53b-cbee-4f6f-b6c1-eb4e2e29a67e,2024-03-06,15:14:46,1fa8867e-bd34-4b0b-ac68-823fb0ef2588,92f95311-973a-490f-9f84-308301ecd310,Netherlands,UK,UPI,77557.23,EUR,2,True,True,5,True,False,False,0.30318102271694275,False,Unknown,False,False,False,False,Cross-border FX Risk
be872279-9d28-4ad4-a3c7-82aaf48a5e98,2024-06-29,11:42:17,e715231e-d1c2-418e-8b60-adb2ea3cbe7c,e4d256d3-35f8-4493-8302-c06fa7a78713,Germany,Australia,PayPal,129115.63,EUR,8,True,True,2,True,False,False,0.47365926048280727,False,"High Transaction Amount, High Transaction Velocity",False,False,False,False,Cross-border FX Risk
ab60beb1-81cf-4865-ba56-4793e3fbd71e,2024-04-16,23:12:20,311279f9-c481-493c-80e1-0ff0e4ec02a1,daccc443-5290-422b-a6d6-7ac4ecb88081,Germany,Canada,Cryptocurrency,120490.13,EUR,6,True,True,4,True,False,False,0.5354244964974849,True,"High Transaction Amount, High Transaction Velocity",False,False,False,False,Cross-border FX Risk
7bc60fba-d8c5-4a50-a5e7-300bb8f9b604,2024-02-10,07:44:53,e512134f-e1ba-4958-a010-84775a450616,a3063f5f-770f-4241-92a4-f8ef1f71473b,Japan,India,UPI,116921.41,JPY,7,False,False,6,True,False,False,0.4700038166050771,False,"High Transaction Amount, High Transaction Velocity",False,False,False,False,Credential Stuffing/Brute Force
6d1150d9-97de-4182-9512-86f1b082a311,2024-01-15,20:19:16,67a81762-beda-4454-85be-80e3577da920,15ce0f62-2e96-4c2e-a218-a49926406e3f,Netherlands,Brazil,PayPal,120632.46,EUR,6,False,False,7,True,False,False,0.4744768125343514,False,"High Transaction Amount, High Transaction Velocity",False,False,False,False,Credential Stuffing/Brute Force
3264bdd5-e552-4d31-9643-3c8587b35fb7,2024-02-04,10:09:12,95d85f80-1974-4828-aa3f-f53ad4b2412e,0b093613-6830-4ebf-a63c-238741aad96e,Canada,Germany,UPI,129171.1,CAD,10,True,True,2,True,False,False,0.4746974080765286,False,"High Transaction Amount, High Transaction Velocity",False,False,False,False,Cross-border FX Risk
46d57d5c-c6c5-4e91-9788-248772831f84,2024-04-21,18:31:54,74a1d2f7-0de7-48cc-9df5-875006f06186,d232246b-6737-48d1-b4fd-4f0ca72ca2e6,India,Australia,Skrill,133422.11,INR,10,True,False,2,True,False,False,0.43529106932380945,False,"High Transaction Amount, High Transaction Velocity",False,False,False,False,Rapid Large Transfers
c51dd291-e678-446f-a405-caa4ebf1dfc5,2024-03-30,15:42:08,1b8a34da-a9d1-45fb-b95d-a0bca4bcf94d,b2a9c6bd-4e3f-477b-b6e6-ac971d6e1dac,Japan,Japan,PayPal,109044.52,JPY,9,False,True,6,True,False,False,0.5060287803262762,True,"High Transaction Amount, High Transaction Velocity",False,False,False,False,Rapid Large Transfers
d370b961-a541-4c85-bf6a-77cf96ae0729,2024-06-23,03:22:41,4ab2f1b7-70a5-4e2f-b823-4267cd02d0ae,ac185e65-fb1b-49d8-9bc1-ce445f269f05,Australia,UK,Cryptocurrency,23077.64,AUD,9,False,True,4,True,False,False,0.3880705735186067,False,High Transaction Velocity,False,False,False,False,Cross-border FX Risk
9c3f7425-9c1e-403b-bf62-07c274d9ac20,2023-11-20,08:08:52,9197242a-49c3-488b-a0fd-6046663f7029,6d53633d-1f75-421d-8faf-1d0925e4cce9,Canada,USA,PayPal,64812.28,CAD,7,False,False,6,True,False,False,0.3657372035077418,False,High Transaction Velocity,False,False,False,False,Credential Stuffing/Brute Force
97eed4ad-55e5-4787-8fb9-aefa8cbf0b4b,2024-06-24,14:09:51,09118bbe-efde-48b5-b74f-c4f1639930b9,7074b9f6-b5eb-4025-aac8-3a8280fb4eb7,Netherlands,UK,PayPal,67549.98,EUR,11,True,False,2,True,False,False,0.32411209554147985,False,High Transaction Velocity,False,False,False,False,Rapid Large Transfers
072b383c-56ff-46f8-a650-c23d2dfdd28e,2024-07-18,05:27:39,1b9a2181-206b-47b9-bdde-dc0b3d0585d1,f44d31ac-f844-454b-9491-36200aab6685,Canada,Netherlands,Skrill,88033.89,CAD,6,False,True,7,True,False,False,0.3948580276362676,False,High Transaction Velocity,False,False,False,False,Cross-border FX Risk
8faa5b06-3972-430d-b071-314eb89f77e6,2024-01-11,03:18:46,e0c551cc-2efe-427a-a583-35c8cb0632a4,79c7aad7-ee3b-4f94-9467-44da6c1c451d,USA,Brazil,UPI,161026.0,USD,4,True,False,2,True,True,False,0.33314913414198033,False,"High Transaction Amount, Known fraudster involved",False,False,False,False,Known Fraudster
284b0a74-5600-4262-9bcf-37fbe3c55bbc,2024-07-06,15:38:33,0df6d8f8-e9cc-4ebd-8b0f-7d25f0410c68,a85a4b40-eae9-4b2c-a59a-cf7c4882a3ea,Canada,India,Skrill,179096.53,CAD,5,True,True,0,True,False,False,0.4072958472488985,False,"High Transaction Amount, High Transaction Velocity",False,False,False,False,Cross-border FX Risk
4b92b7cc-90a7-418b-8c7a-43cf3eaa021a,2024-04-06,08:38:23,bb2cc5da-dbb0-4916-bab5-162c45b6c626,b41aff7b-8ed5-45d1-aff2-d0245a480701,Brazil,Brazil,Skrill,151527.33,BRL,8,False,True,4,True,False,False,0.4998806185663501,False,"High Transaction Amount, High Transaction Velocity",False,False,False,False,Rapid Large Transfers
36c4fe1b-05ba-4e23-8a24-67a6ebd7c493,2024-03-31,17:50:24,27d98c6a-78dd-48a0-9eb4-27e7f1ccaa10,7d1217c1-dbfe-4ad4-9f7e-cc5d28574739,Canada,France,Cryptocurrency,50985.98,CAD,8,False,False,3,True,True,False,0.3326104079700022,False,"High Transaction Velocity, Known fraudster involved",False,False,False,False,Known Fraudster
4939a581-463c-4926-9ec1-9f53027738f1,2024-05-18,10:38:51,2b48c5fb-8978-4017-8374-479b49e841d8,f04e37d6-d9c7-43bb-9456-39155bb54930,India,India,Skrill,157981.86,INR,4,False,True,4,True,False,False,0.39574258315279237,False,High Transaction Amount,False,False,False,False,Credential Stuffing/Brute Force
26d944ad-5f9a-428c-9bf3-e1b410a75781,2024-09-07,03:53:50,2484c0b7-5f3b-45a1-bcb1-c3971681a9e0,aac5d3fe-2013-4e28-acfd-91eb9ab22a40,France,Netherlands,UPI,156368.43,EUR,8,False,False,3,True,False,False,0.47808959456489625,False,"High Transaction Amount, High Transaction Velocity",False,False,False,False,Rapid Large Transfers
074c3fbb-3b2c-4cd0-be14-7e7b652a8d36,2024-08-17,05:55:20,5838499f-a3a5-40d7-ac36-b00059f14ca5,e7c832e2-47e8-442c-82c3-3f20cddaba34,Brazil,USA,Cryptocurrency,95379.92,BRL,7,True,True,5,True,False,False,0.42740954293147515,False,"High Transaction Amount, High Transaction Velocity",False,False,False,False,Cross-border FX Risk
33a8d429-5627-4bf7-8104-d39efd2f52bb,2024-06-29,19:35:37,8c3fcd0a-5156-44c6-9b26-388db5bbc622,eafd50f6-0f6b-496a-b27c-66dc2a62a2fe,France,Australia,Skrill,186747.24,EUR,3,True,True,5,True,False,False,0.4179100948242702,False,High Transaction Amount,False,False,False,False,Cross-border FX Risk
77905d93-c3ef-4b75-9511-3fc83e31ed08,2024-03-12,21:01:06,08059769-74e4-4f70-8f9d-522f4a710ba4,e99af9fb-e757-45a4-bbdb-f321d4f7fa1a,Germany,USA,Skrill,48994.54,EUR,13,True,False,2,True,False,False,0.3260268427859883,False,High Transaction Velocity,False,False,False,False,Rapid Large Transfers
9d03a89f-9794-4491-847c-0440d59baad2,2024-05-31,12:18:18,3b66d608-6a49-4cec-9a0b-637e7d9f5359,3ef1d8bc-4b70-49b9-9fb4-f5d2aff5e434,Canada,France,bank transfer,7337.42,CAD,6,True,False,2,True,False,False,0.32511533681992133,False,High Transaction Velocity,False,False,False,False,Odd-hour Activity
070e1304-367a-4e54-a5a9-c9dc12eacd58,2024-04-12,23:52:41,00870bba-293a-4dfd-a559-360698c89099,f59693e0-f0e6-461e-b1f3-a66ee194049f,Canada,Canada,Skrill,38151.0,CAD,13,False,False,1,True,False,False,0.29059455978246135,False,High Transaction Velocity,False,False,False,False,Rapid Large Transfers
df01fe73-cc0a-4d2c-abcc-e49ad3286184,2024-08-20,13:47:17,7fae86ef-9508-4695-8ee9-0fadc118320d,52980e99-ba3b-4629-b1b9-3a625c341355,UK,USA,Payoneer,39615.4,GBP,6,False,True,4,True,False,False,0.3934941842264046,False,High Transaction Velocity,False,False,False,False,Cross-border FX Risk
781fc79f-64ea-4a82-9d57-ebe717d573f0,2024-07-06,09:06:45,a2f3eacd-86a9-42ba-9184-c04ef5253531,127c21b0-c453-481b-bd80-3b508785b33a,Canada,USA,Skrill,64910.99,CAD,13,True,False,4,True,False,False,0.3999891912664716,False,High Transaction Velocity,False,False,False,False,Rapid Large Transfers
2dfeea3d-779d-460a-a3f5-b8eaf46654d2,2024-01-08,15:53:41,7162c897-8300-4238-aba5-3110d4723ad6,de9510ab-9090-40ab-9712-b80c6571637d,Canada,Japan,PayPal,54047.94,CAD,6,True,False,0,True,False,False,0.3186417482596477,False,High Transaction Velocity,False,False,False,False,Odd-hour Activity
e3642fb5-e82d-42de-87b5-6c59dece9a34,2024-04-16,12:31:26,c94f664b-bfa1-4420-9755-6cdc935f8699,046668a5-1e2c-4969-b252-353b9b159f59,USA,Germany,bank transfer,150386.6,USD,5,False,False,5,True,False,False,0.40604870675665483,False,"High Transaction Amount, High Transaction Velocity",False,False,False,False,Credential Stuffing/Brute Force
91608adc-b8ad-4c80-9361-2286fac04c88,2024-02-08,04:32:46,91d3e805-b570-4f9c-9478-e1d0ef649ba8,705611f5-0891-4de0-a001-369451f4ce67,Australia,Brazil,Cryptocurrency,106815.55,AUD,12,False,False,3,True,False,False,0.45844745312751967,False,"High Transaction Amount, High Transaction Velocity",False,False,False,False,Rapid Large Transfers
e3c04a58-f067-4691-b66e-c09be91d2bd2,2024-02-09,16:36:29,0541ec29-2502-4a78-9479-a235ae979376,c4e46004-4f4d-475e-abcf-25fa39a972fb,Canada,Australia,PayPal,158776.23,CAD,11,True,False,5,True,False,False,0.49077294459611437,False,"High Transaction Amount, High Transaction Velocity",False,False,False,False,Rapid Large Transfers
c6740405-0a38-4303-8992-eb88b3e9d8f9,2024-07-02,12:28:34,463d0469-9cf7-422b-a1f8-7bc4c02200e9,18441156-5523-4266-8e0b-9b16a1c3e917,Australia,Brazil,Cryptocurrency,153060.85,AUD,9,True,False,2,True,False,False,0.4382572781849467,False,"High Transaction Amount, High Transaction Velocity",False,False,False,False,Rapid Large Transfers
e642437d-d5dd-4a44-9d47-a819d6e7f17f,2024-04-20,08:48:18,b34a2a21-c9e6-4c96-8336-69fb76fb8e62,7af50f3c-ddd4-4204-99a9-6161f0150970,India,France,PayPal,92689.98,INR,8,True,False,5,True,False,False,0.39333084192219286,False,"High Transaction Amount, High Transaction Velocity",False,False,False,False,Rapid Large Transfers
cb71bf45-a0c5-4f7d-b95c-9cb7d69d432f,2024-01-16,21:41:37,03940089-9af6-496b-9309-92b0d2a4215b,1c09aaa3-9ed9-4be5-9845-6ef433c5b4cf,Australia,Netherlands,Cryptocurrency,15338.93,AUD,9,False,False,0,True,False,False,0.28599772774261245,False,High Transaction Velocity,False,False,False,False,Rapid Large Transfers
a44038a1-6ab1-462e-9795-7e1208f38cfc,2024-01-02,02:23:06,76d7e6a7-8122-4733-8f16-95b42ef21933,4a2368d8-f501-4f71-908e-fb2d0671ce54,Canada,Germany,PayPal,182636.76,CAD,9,False,False,4,True,False,False,0.47903413799914557,False,"High Transaction Amount, High Transaction Velocity",False,False,False,False,Rapid Large Transfers
c29c359a-0c02-4f1c-b07b-c5309a09a887,2023-10-31,16:56:17,7aecfb5b-64ba-4117-85ea-dd4dba5feb4f,9a489021-5962-4313-b005-798cc8ccec59,Brazil,Germany,UPI,44671.4,BRL,6,True,True,0,True,False,False,0.34778692263106803,False,High Transaction Velocity,False,False,False,False,Cross-border FX Risk
20d57647-0fd5-44aa-93a6-575e416230a6,2023-12-01,18:03:21,f9cb7683-11e1-44d1-b400-51c9822fee31,bcfcbe22-ead7-49bb-b1d0-023ab87f1a0b,Japan,Netherlands,Payoneer,159871.13,JPY,6,True,False,3,True,False,False,0.4990249987104571,False,"High Transaction Amount, High Transaction Velocity",False,False,False,False,Credential Stuffing/Brute Force
64f76da3-593b-4ade-8bce-147e7bb9983d,2023-12-12,03:56:20,c80d99e3-2dee-4006-8e72-f0376f7911e4,1bb66c68-78ce-46d8-a605-ac213623704a,Germany,Canada,PayPal,75214.62,EUR,11,True,True,3,True,False,False,0.4147958906674232,False,High Transaction Velocity,False,False,False,False,Cross-border FX Risk
0d2e19a4-5bf4-42a1-a18a-9f6d179d8ecd,2024-09-03,07:54:12,1a026b02-27cd-4849-8153-e614a0916b65,10117eda-a973-4346-bfda-2d5a515e1f91,Brazil,Germany,Cryptocurrency,170195.36,BRL,11,True,False,3,True,False,False,0.5003845451731165,True,"High Transaction Amount, High Transaction Velocity",False,False,False,False,Rapid Large Transfers
6c461924-ff10-43b2-a324-aec49028696f,2024-04-11,22:51:19,28c6a6e9-bbf2-4055-9568-c940387fc6fb,23b4e60b-83fa-49e5-bf96-c411fc01dd93,Brazil,Netherlands,Payoneer,28355.59,BRL,7,True,True,1,True,False,False,0.3501843475611548,False,High Transaction Velocity,False,False,False,False,Cross-border FX Risk
d8f0c2b6-8d68-4f52-8202-d5c74e0ba800,2024-02-27,14:08:54,e4828fa7-9e16-499b-82c6-e1d3b5c3422d,2b8492ac-14be-45f1-9815-16b9edd44b58,Netherlands,Japan,Cryptocurrency,129002.53,EUR,8,False,True,2,True,False,False,0.4505840020850512,False,"High Transaction Amount, High Transaction Velocity",False,False,False,False,Cross-border FX Risk
17648ba6-a0db-4c70-963f-40c2eb651ca8,2023-12-30,18:21:24,83845f40-a235-4b85-8393-fe875c3648af,1d1b1a02-9ad3-476f-9d5e-2ad6bdbb643a,Canada,Brazil,Payoneer,126915.99,CAD,9,True,False,0,True,False,False,0.43360256127334407,False,"High Transaction Amount, High Transaction Velocity",False,False,False,False,Rapid Large Transfers
2d937ac2-dee6-4a74-a6b7-50deb0c2ae3b,2024-10-14,14:02:18,b13fe74e-db0a-4578-b840-33f925d791d1,d42a6d36-218e-4cf6-b4c0-7c4418cab997,Canada,USA,Cryptocurrency,187600.23,CAD,10,True,False,7,True,False,False,0.4975662819114884,False,"High Transaction Amount, High Transaction Velocity",False,False,False,False,Rapid Large Transfers
fb3d10e6-47cc-4258-987b-20c51c6f4e11,2024-04-19,17:04:30,15f5161a-48ee-4b69-994b-e027d44a9901,2a8e30ab-8536-4a27-a464-54450c46c83d,UK,Brazil,bank transfer,168542.1,GBP,6,False,False,2,True,False,False,0.4133464139728353,False,"High Transaction Amount, High Transaction Velocity",False,False,False,False,Low-Risk
c296018b-5753-469c-b417-9592e6de2eb7,2024-05-16,07:23:51,9c540431-dd34-43a7-adfc-f48d6015eb45,f26b3a2e-24e7-4c2f-8f0c-4122edfc62a9,Netherlands,Australia,Cryptocurrency,156131.53,EUR,8,True,False,1,True,False,False,0.4362759627932537,False,"High Transaction Amount, High Transaction Velocity",False,False,False,False,Rapid Large Transfers
171cdfa9-622a-4f57-b649-0d0ff48cb6c6,2024-05-30,22:48:56,ca65467a-1967-401b-b5bc-487e7c4ce056,d3f97fc8-17bd-4ee1-8a91-47997bb10e0c,Canada,France,UPI,130964.91,CAD,7,True,False,0,True,False,False,0.42687937782584945,False,"High Transaction Amount, High Transaction Velocity",False,False,False,False,Odd-hour Activity
0a5ca287-32da-49ea-8d21-3649f1b657f3,2024-06-16,00:31:48,e6598f0c-1964-405a-bacf-39577598ec65,d61e0808-7559-4951-80b2-5f74aa3eeb81,Brazil,Canada,Cryptocurrency,70943.94,BRL,10,True,False,4,True,False,False,0.40171264908126275,False,High Transaction Velocity,False,False,False,False,Rapid Large Transfers
a50bdbcb-26bd-49e4-87d0-27fbfadcc09f,2024-03-10,04:04:06,c9310d96-d631-43fc-bacc-42e6ea6c3905,782a1cad-8bf8-4358-982b-f22285ea330c,Japan,UK,bank transfer,161057.37,JPY,16,False,False,1,True,False,False,0.4067985782286151,False,"High Transaction Amount, High Transaction Velocity",False,False,False,False,Rapid Large Transfers
023aa7d6-fd86-4575-9f99-8118c04bea46,2023-11-13,17:23:21,81ca15da-71e6-45a1-bf36-3e4e74e86d31,9e39ae51-fad8-4643-add5-3d4a6a7f63ba,Australia,Brazil,Skrill,62855.84,AUD,7,True,False,4,True,False,False,0.39195245501174514,False,High Transaction Velocity,False,False,False,False,Credential Stuffing/Brute Force
7fa852ec-b353-4cff-9bac-01bde8ceffab,2023-11-28,02:02:43,db08a74e-3208-4696-b785-a16ba43d6140,f9ac5e7e-0690-440c-b08e-f6d5e4395fa1,Canada,Japan,Skrill,171875.38,CAD,11,True,False,2,True,True,False,0.4147708526561943,False,"High Transaction Amount, High Transaction Velocity, Known fraudster involved",False,False,False,False,Known Fraudster
c6a94b34-d1e9-48e0-b736-260f900019bf,2023-12-12,13:58:29,f305c9bb-fbd2-4da5-b308-3e639fbb1e4e,f0fbeaed-30bc-48b1-bdec-984b7f8fff2e,Germany,UK,Skrill,183744.37,EUR,10,True,False,2,True,False,False,0.4405412938717302,False,"High Transaction Amount, High Transaction Velocity",False,False,False,False,Rapid Large Transfers
826f1eaf-810a-4370-b267-13b31017f673,2024-06-18,07:50:39,3193312f-01ef-4f95-97ec-e374e068c660,81c2c558-5b65-424f-bfaf-fcfb9f026756,USA,India,Skrill,56734.22,USD,11,False,False,5,True,False,False,0.3689671629426205,False,High Transaction Velocity,False,False,False,False,Rapid Large Transfers
56999456-1320-41ff-8afd-aaf3301d8060,2023-12-10,13:24:32,f6b53735-828c-4419-b52f-50abbefce150,c49c8255-fafa-43c8-9987-b66b681492d5,Japan,Brazil,Cryptocurrency,62809.64,JPY,4,True,True,5,True,False,False,0.32823025583928905,False,Unknown,False,False,False,False,Cross-border FX Risk
527940c5-df70-469e-8918-7493eeebce26,2024-01-04,18:50:36,8f4b3aa1-346c-4411-bcc8-bb6ddd01c13a,d751930c-56c0-42bc-bdf4-fa4e3128ca36,Australia,Brazil,Skrill,196532.97,AUD,6,False,False,0,True,False,False,0.3995924406905966,False,"High Transaction Amount, High Transaction Velocity",False,False,False,False,Low-Risk
f9750909-f608-4628-bbdb-e00b9454862b,2024-02-18,06:42:52,01a51aca-8bc2-45ac-9f8f-a47e9108869a,744f39b5-ab0c-4624-a0dd-b7a3fededf3e,Brazil,France,Skrill,113904.36,BRL,4,True,False,1,True,False,False,0.3286156643529835,False,High Transaction Amount,False,False,False,False,Odd-hour Activity
9185eb9f-2289-40fc-96d5-3db5a1a88820,2024-08-06,17:27:39,27f3cf9b-df3c-4428-a554-9959b75a895d,2adb119a-066f-496c-b805-b933bf0498c7,France,Germany,Cryptocurrency,162460.64,EUR,9,True,False,3,True,False,False,0.502473911034456,True,"High Transaction Amount, High Transaction Velocity",False,False,False,False,Rapid Large Transfers
bb1fbec0-7473-4db7-af0b-71cabdcec056,2023-12-05,06:44:22,3af6ef38-5c42-45fc-a96e-dd9f5deb494c,aed6d7ff-53d0-42ef-93bb-fa27ac6f7c4f,USA,UK,Skrill,146667.76,USD,6,False,False,0,True,False,False,0.4027171162151557,False,"High Transaction Amount, High Transaction Velocity",False,False,False,False,Low-Risk
9384554f-01d6-4eaf-89cb-97b7634cff3a,2024-09-01,11:35:16,584ea433-6a8d-4c03-bc57-f36ad0683be3,2289a900-f551-42a7-963e-86e4b67f03d9,UK,Canada,bank transfer,108360.28,GBP,3,True,True,5,True,False,False,0.4288283172890467,False,High Transaction Amount,False,False,False,False,Cross-border FX Risk
6167a9ff-b657-4589-bcb3-453b965adad5,2024-08-16,19:01:36,ad83c19f-fa46-4012-a272-b502be8508ce,6692aa74-9a42-4647-a3db-522413258a1a,Germany,Germany,PayPal,34520.21,EUR,9,True,True,0,True,False,False,0.3556311876474114,False,High Transaction Velocity,False,False,False,False,Rapid Large Transfers
67732ca9-5dfb-4f42-9517-fa2a5e32f8bf,2024-09-01,23:17:59,c6fbfdb0-5db5-4ba8-814b-9460a23225bc,ba3c1021-20f0-49bc-b095-821e6a26dcb2,Japan,Canada,Payoneer,106335.71,JPY,4,True,False,0,True,True,False,0.32237476326505143,False,"High Transaction Amount, Known fraudster involved",False,False,False,False,Known Fraudster
e1aa2f2b-727c-4b6f-be7a-0b231c509f1b,2024-08-21,12:18:02,56294270-b38a-4780-a4a5-da29980aac01,a7b4abed-53aa-4a4f-9b7d-5b5489588199,Australia,Japan,bank transfer,156988.17,AUD,5,True,False,1,True,False,False,0.38278251309093786,False,"High Transaction Amount, High Transaction Velocity",False,False,False,False,Odd-hour Activity
106742b5-9291-4847-94a6-1f7e34dde444,2023-11-08,16:49:51,56e653aa-369e-4ae0-a818-57f7e82b89c4,925a7cc7-77d8-4783-94a8-15b66b17e1fe,India,Australia,PayPal,44211.44,INR,12,False,False,0,True,False,False,0.28865149482290364,False,High Transaction Velocity,False,False,False,False,Rapid Large Transfers
ed98ac90-1bb0-4210-88cb-36399cb30914,2023-11-24,04:08:36,a5fac7b8-2c26-4297-9255-267bf560bfaf,118f1c7f-8431-45f3-9aca-cbab9a408ed7,Australia,USA,bank transfer,110338.95,AUD,2,True,False,2,True,False,False,0.33026747351869684,False,High Transaction Amount,False,False,False,False,Odd-hour Activity
f1437e8d-39ff-490c-ab02-a601a1619732,2024-03-16,13:21:29,241be39f-62e4-436c-9ac5-67779cff9fd3,5f559ed5-5fab-4b79-ba82-3c0030d20e4a,Australia,India,Payoneer,29907.02,AUD,8,True,True,6,True,False,False,0.4356115047262788,False,High Transaction Velocity,False,False,False,False,Cross-border FX Risk
a50d428d-b2af-4346-90d0-532f95a7fb1f,2024-08-08,04:57:48,9aa49861-d89e-4e2f-a18f-7c70d3434dca,41039578-c4fb-49ac-a198-b78ee814ed52,Germany,France,Skrill,131570.72,EUR,3,True,True,2,True,False,False,0.36584516777580006,False,High Transaction Amount,False,False,False,False,Cross-border FX Risk
c828d4fe-6503-4a42-9cb2-b625389893e8,2024-01-09,20:22:11,1f96c7f5-ebd9-4724-8e18-9202ec5360fa,9982a94e-f956-4fec-93af-a6c5f59f3be4,Brazil,France,Skrill,40426.3,BRL,10,False,False,0,True,False,False,0.28721548122914925,False,High Transaction Velocity,False,False,False,False,Rapid Large Transfers
ac843aae-524b-48d2-806a-f1d89c883f34,2024-07-04,06:52:48,7ecfcb33-2175-4b61-ba8f-1af50fdc5966,652e4331-0058-4bbe-b5b0-d814e3f6658f,France,Germany,Cryptocurrency,81857.79,EUR,14,True,False,0,True,False,False,0.32745525971433953,False,High Transaction Velocity,False,False,False,False,Rapid Large Transfers
9948c9d6-a19a-4930-bfdf-1afa3b6b9722,2023-11-25,10:17:14,60a2ce9a-73b5-4dca-b657-1ce3159e1ef5,986c85fb-269b-44fe-857e-c725725b8cfc,UK,India,PayPal,194499.43,GBP,6,True,False,4,True,False,False,0.49985157992661366,False,"High Transaction Amount, High Transaction Velocity",False,False,False,False,Credential Stuffing/Brute Force
94744e0b-bfd6-4b93-85c9-4c9666bf8e30,2024-05-22,12:45:43,ca1e8879-4cd9-460b-8a7c-70069ee386e3,1dae982f-32f1-4cb7-a257-3d21bc538e55,Germany,India,UPI,151567.45,EUR,5,True,True,3,True,False,False,0.4821569323542758,False,"High Transaction Amount, High Transaction Velocity",False,False,False,False,Cross-border FX Risk
e79709b5-d947-4613-82cf-676bc563c2c8,2024-04-15,09:45:38,27fdfd67-0b09-42a2-89ef-2e7cd44354f2,edf4736a-6cfa-4fcd-b44a-2d5b0ad9d01d,UK,France,Payoneer,33521.24,GBP,6,False,True,2,True,False,False,0.332872855494939,False,High Transaction Velocity,False,False,False,False,Cross-border FX Risk
85543059-ec81-4cb3-91da-72047c584e3e,2024-04-27,10:44:29,e2038745-18d0-48d2-bb79-b0c7c6866bb8,8af9c9d2-354a-4687-a406-3688d921a302,Australia,Japan,UPI,55655.46,AUD,10,True,False,2,True,False,False,0.3272981357926148,False,High Transaction Velocity,False,False,False,False,Rapid Large Transfers
c15dd545-cc04-41d9-9115-a7447180f03b,2024-06-04,09:35:46,f96de441-0e02-4009-91ae-6c19820d4df9,6cf76659-f252-4a7f-879a-ad352b8d680b,Canada,Australia,Payoneer,96165.25,CAD,13,True,False,1,True,False,False,0.32608046407436597,False,"High Transaction Amount, High Transaction Velocity",False,False,False,False,Rapid Large Transfers
d011ae0c-a52d-46d3-ad7f-1f7f8c6d74a9,2024-03-10,12:23:26,40055776-dc67-46b9-ab59-3585c15b41ef,da4cc2e0-a6c4-4559-83b2-49b7830bcbe5,France,India,UPI,128221.73,EUR,7,True,False,5,True,False,False,0.4947149387825385,False,"High Transaction Amount, High Transaction Velocity",False,False,False,False,Credential Stuffing/Brute Force
11ffac5a-7550-4be8-bcc5-2224d3ba4acc,2024-02-05,14:17:40,2e681c45-a2db-4a91-858f-518295222d49,8db017e2-13e8-40bd-aee3-b92a09245398,Germany,Netherlands,UPI,29652.04,EUR,8,False,True,4,True,False,True,0.3815092314073023,False,High Transaction Velocity,False,False,False,False,Sanctioned Entity
19f91410-81b0-4c1d-aba1-01546eaf6e27,2024-01-22,17:27:05,501d2924-8bd6-4e1c-9c01-b901a8801fc0,3831e3eb-fb6b-4f58-83df-799d0570fcda,Netherlands,Australia,Payoneer,114055.35,EUR,10,True,False,5,True,False,False,0.501494112359562,True,"High Transaction Amount, High Transaction Velocity",False,False,False,False,Rapid Large Transfers
b7f9070d-85e9-468d-9457-931963a1a504,2024-05-03,20:49:05,88e4c4de-523c-4bcb-a60e-6f6cbc34512f,cd289c2b-3c5c-46a1-8636-bffe0b7095d6,Germany,Netherlands,bank transfer,90331.3,EUR,7,True,False,0,True,False,False,0.31983970048633553,False,"High Transaction Amount, High Transaction Velocity",False,False,False,False,Odd-hour Activity
cf20584b-3bc3-4fa8-8068-d9033bd44194,2024-04-21,23:27:39,d5f705e0-4aae-4c1f-9236-013b5d1849e1,688b04af-bdca-4e83-98d5-30e0c5efb3de,Netherlands,Japan,Skrill,60506.74,EUR,7,False,False,2,True,False,False,0.30040084024620556,False,High Transaction Velocity,False,False,False,False,Low-Risk
55762e13-2d05-46c1-ba47-1bb74bdeea37,2023-12-20,10:45:10,2c0cb998-f9cd-4dfc-974c-d7aa73d870c2,5ba0a447-00a7-4333-a921-3b0e0b1dcb3e,Germany,France,bank transfer,55392.74,EUR,10,True,False,2,True,False,False,0.3256598219154413,False,High Transaction Velocity,False,False,False,False,Rapid Large Transfers
b64d3793-75e9-4d31-affb-e7c23d7a268a,2024-06-18,10:39:32,a032b7e4-a52b-42fe-af78-15298d3f393b,6478c5ff-4e19-43ce-aabb-3c03bcacf710,France,USA,UPI,16818.88,EUR,11,True,False,3,True,False,False,0.3943515900477828,False,High Transaction Velocity,False,False,False,False,Rapid Large Transfers
086b045f-2f22-4aa8-9fff-1601e50cddbc,2023-10-30,15:44:53,abc95cca-9b7d-467a-86d1-5bb84444f812,8e9d248d-9a4b-4ba9-b01a-ef7bc35cc501,USA,Canada,Skrill,76286.26,USD,8,False,False,3,True,False,False,0.36033510779924577,False,High Transaction Velocity,False,False,False,False,Rapid Large Transfers
25cccfc0-d7a3-489c-b7b5-e1d9bcdfc419,2024-02-26,06:33:12,a42c4c81-2523-40ad-ae05-c47e26cb49ca,6a863549-7fea-4604-a267-9b678e599449,India,Netherlands,Skrill,174880.15,INR,6,False,False,3,True,False,False,0.4728866556700409,False,"High Transaction Amount, High Transaction Velocity",False,False,False,False,Credential Stuffing/Brute Force
fc3a7648-2fb5-425c-9a91-63697c73671e,2023-12-31,22:59:30,7ef3ffd0-f6f1-48b8-8fa9-299ccf9f53a4,7cae2c78-3ab4-418c-a0a5-5416e1169eef,Germany,Germany,PayPal,189363.51,EUR,3,False,True,3,True,False,False,0.39522920927902905,False,High Transaction Amount,False,False,False,False,Credential Stuffing/Brute Force
35f61c7d-402a-48f2-963d-91bf28453cc5,2023-11-16,23:45:58,03b3dded-9705-4213-8185-cbe9ee73313b,c1fd9132-37a0-48ad-b530-1473ca5505fe,UK,Canada,Payoneer,153015.69,GBP,3,True,True,4,True,False,False,0.43247041216560167,False,High Transaction Amount,False,False,False,False,Cross-border FX Risk
ec202dd5-3ab7-45a1-8ceb-76e1ef83de88,2023-12-23,22:21:12,c57fdaf9-2169-4138-b898-6c4b7af8e602,9eb72e60-44a9-4a3d-a348-4fd37294ce49,France,India,PayPal,110338.7,EUR,5,True,True,1,True,False,False,0.41030605694069117,False,"High Transaction Amount, High Transaction Velocity",False,False,False,False,Cross-border FX Risk
c7583481-988e-4e9a-8e82-c2bd733f0307,2024-04-02,17:54:00,f41e290b-4972-43b9-9b09-864b3a7e74b2,6c23fe16-9765-4d58-ac3e-d14330aa8f03,Brazil,USA,Payoneer,164317.02,BRL,3,True,True,5,True,False,False,0.4247294632356725,False,High Transaction Amount,False,False,False,False,Cross-border FX Risk
4ea23d72-9e83-4507-854e-d5e2be7eb8d2,2024-01-09,08:18:31,74419fd1-e656-4894-a681-31a24ff44e3f,e54fb654-ecba-4788-a9d1-4483c4297996,Australia,Japan,bank transfer,298.98,AUD,9,False,False,4,True,False,False,0.3580231981790075,False,High Transaction Velocity,False,False,False,False,Credential Stuffing/Brute Force
f54b960b-e672-41a5-9b89-8c523c650ee6,2024-09-07,15:05:05,646e3456-7329-4d69-b711-4519aa09f030,f171510c-246d-4e13-aa37-08b4917d7369,Australia,Japan,Cryptocurrency,10611.6,AUD,2,True,False,7,True,False,False,0.2901650291769996,False,Unknown,False,False,False,False,Credential Stuffing/Brute Force
e71b7bb2-b7b7-4a4a-ba68-9ffd1b8fd5f7,2024-03-28,04:43:24,5865197d-d1a6-4528-a8ba-dca4a3506a7e,5c240625-a45d-4384-bae3-647d2a3961ba,Germany,Netherlands,Payoneer,148941.69,EUR,9,True,True,0,True,False,False,0.47532712151643985,False,"High Transaction Amount, High Transaction Velocity",False,False,False,False,Cross-border FX Risk
cb8f09a5-ea91-441d-a6d2-0bc2077b6e13,2024-04-15,09:24:58,4855431f-ec9c-4e79-89ba-a678261d7400,0e447ec2-a664-46fa-9726-bb436d8d65cb,Germany,Japan,bank transfer,186114.98,EUR,5,False,True,6,True,False,False,0.4494918775589886,False,"High Transaction Amount, High Transaction Velocity",False,False,False,False,Cross-border FX Risk
0f125354-b26f-428f-91bd-d717c251c421,2024-07-03,23:53:45,e7ab55f9-5e40-4cb3-8b1f-dbef8f9e5aaf,2e09fb48-8549-4a71-b5b2-b9de360edc69,Germany,Germany,PayPal,155144.63,EUR,13,True,False,1,True,False,False,0.4312629367949068,False,"High Transaction Amount, High Transaction Velocity",False,False,False,False,Rapid Large Transfers
59da871d-c514-4bbb-b3bb-64b6aac5b4f2,2024-01-18,18:29:26,7c49d0ab-3a73-459d-bda8-0dfe79be17a7,58f8b393-3170-4d40-9600-0e389fd0393d,Germany,UK,Cryptocurrency,137356.46,EUR,7,True,False,3,True,False,False,0.4972008257294865,False,"High Transaction Amount, High Transaction Velocity",False,False,False,False,Credential Stuffing/Brute Force
5046815b-ee83-45b3-aebf-5b90626b192b,2024-04-17,01:35:37,24e92ef6-da3a-4b2f-95f8-bf1b0b6769a7,33ac6e5b-14e6-4872-b6a8-65dbb2dd58ee,Australia,Germany,Cryptocurrency,44807.75,AUD,6,False,False,6,True,False,False,0.36378043484394373,False,High Transaction Velocity,False,False,False,False,Credential Stuffing/Brute Force
e416b08b-db99-4670-a639-62b3a63d0f6b,2024-01-11,21:24:58,f2114d04-e9eb-48f0-b559-2759b7288080,7476fb01-1985-435d-9405-ae16142afe53,UK,Australia,bank transfer,74482.42,GBP,3,False,False,4,True,False,False,0.2547424360363976,False,Unknown,False,False,False,False,Credential Stuffing/Brute Force
b8559ba1-6ec7-4554-aa8f-c56286902814,2024-01-07,06:00:51,a38d3c5d-345a-4d11-890f-614aaeff0737,bf0a5fb6-4774-4e05-8848-1b34c0d4c44b,Australia,France,Cryptocurrency,156635.41,AUD,5,True,False,0,True,False,False,0.3771400974665634,False,"High Transaction Amount, High Transaction Velocity",False,False,False,False,Odd-hour Activity
ad7faf08-37a2-418b-af5a-b5cb7b208f38,2024-09-23,16:52:19,e401b0a8-470e-40e6-9a1e-a14688de0ddf,81f5fed7-f370-42e9-85a5-fa1587bce16f,Japan,UK,UPI,99848.88,JPY,7,True,False,2,True,False,False,0.3377081910224601,False,"High Transaction Amount, High Transaction Velocity",False,False,False,False,Odd-hour Activity
b906eab5-1a75-4918-968c-a76cfcda79cb,2024-10-13,07:40:31,d1066637-0155-4f84-93e0-6273d7b3e969,70571bfd-0072-4813-bb51-1833ca9c2dbe,UK,Canada,bank transfer,96136.86,GBP,6,True,True,5,True,False,False,0.43243508243656575,False,"High Transaction Amount, High Transaction Velocity",False,False,False,False,Cross-border FX Risk
ecbfe85e-a175-42c7-8c2e-dbd4d50b6839,2024-09-08,20:07:05,dc94ece9-7c41-4988-8a23-99e9e620c447,95e6a295-b351-4b62-b7e7-ecd0b6db37ba,Canada,USA,Cryptocurrency,176987.04,CAD,4,True,False,4,True,False,False,0.4063735909536535,False,High Transaction Amount,False,False,False,False,Credential Stuffing/Brute Force
c371a05f-10e2-4d4c-9893-063fa6b197d0,2023-11-17,02:53:59,a6416b17-8263-4d66-8bfb-f18618b15078,ff1450a4-4ce1-4e6d-bad2-9c2d02ed4551,India,USA,bank transfer,151569.79,INR,7,True,False,1,True,False,False,0.43096869362589035,False,"High Transaction Amount, High Transaction Velocity",False,False,False,False,Odd-hour Activity
8858c1a9-cc48-46e8-bbff-72a2836bf499,2024-01-04,01:12:56,83df4683-dcd6-4b91-98e3-4bf85db9cd74,419b4908-b3b7-4cf9-ac4e-30abc04edf15,India,Japan,PayPal,107537.68,INR,4,False,False,0,True,False,False,0.31174932502947705,False,High Transaction Amount,False,False,False,False,Low-Risk
dd81e7f4-065c-4512-8323-be124c8ec6fa,2023-12-30,17:34:32,19c4c71d-f4f2-488e-b538-ffd433958480,9e3fbc69-ddea-4870-8202-e95a79ee8654,Netherlands,Germany,bank transfer,135356.3,EUR,5,True,False,4,True,False,False,0.4459914772613099,False,"High Transaction Amount, High Transaction Velocity",False,False,False,False,Credential Stuffing/Brute Force
e5fec953-ada4-4f0d-a82f-0bc2401605e6,2024-05-17,20:43:36,f15013a1-8fde-4788-92c4-b02214d006b4,b5ac01e2-7b06-4e6c-a0f7-9b6aaf9c54fc,UK,Japan,Skrill,145122.68,GBP,10,True,False,3,True,False,False,0.5004576601827547,True,"High Transaction Amount, High Transaction Velocity",False,False,False,False,Rapid Large Transfers
db3eb7cf-ded0-4b1d-b2cf-f17d23a5fbcf,2024-05-06,04:06:21,bc285593-397d-41e5-abcb-11dd284b807d,42d1bf7a-79aa-45d6-9dad-7ae87d5f20f1,USA,UK,bank transfer,14460.27,USD,8,False,False,0,True,False,False,0.28718969888140694,False,High Transaction Velocity,False,False,False,False,Rapid Large Transfers
0832eb03-1719-4b69-9c79-80c2ceccca13,2024-06-22,10:36:18,c09c7e19-ed74-407b-8fea-b2e7c18fffbf,38b82352-76a7-471a-8179-bc0c84a7e5b8,France,Canada,PayPal,60050.49,EUR,10,True,False,3,True,False,False,0.38908224325278423,False,High Transaction Velocity,False,False,False,False,Rapid Large Transfers
11165795-894d-4466-b06c-be3e7b489265,2024-02-09,11:45:13,00d0eb46-decf-4e9a-a010-9cf1fadd44a9,090bb961-51d4-4c61-8138-92854f15e3a2,UK,France,Cryptocurrency,131681.95,GBP,10,False,False,2,True,False,False,0.4133919460412076,False,"High Transaction Amount, High Transaction Velocity",False,False,False,False,Rapid Large Transfers
8c19f395-e290-4f09-bfb5-30b8fbb6a98d,2024-04-30,21:45:37,3a559c80-143c-4658-8a43-50840b70a3f7,2c449102-16ff-4d93-a21b-84fd322c5ab4,India,USA,Payoneer,128622.59,INR,9,True,False,4,True,False,False,0.5014343908847742,True,"High Transaction Amount, High Transaction Velocity",False,False,False,False,Rapid Large Transfers
d7487789-9af0-43cd-8c98-b4b8daf135b9,2024-07-29,07:07:10,05ad30ae-5b47-4543-b11f-3feaa55b3e4e,005da85f-f408-458a-86ef-4ca78e899d19,Japan,France,bank transfer,125162.84,JPY,10,True,False,0,True,False,False,0.43277231665797106,False,"High Transaction Amount, High Transaction Velocity",False,False,False,False,Rapid Large Transfers
25dc74e1-1e3d-438b-b9f9-bb06d6b0a102,2023-12-16,23:23:18,39842d79-7e4e-4adf-aadc-71a5c37f64fc,5c969a31-8537-4fb8-b17c-f1c4019b306a,UK,France,Payoneer,177437.94,GBP,10,True,False,6,True,False,False,0.5085951331732352,True,"High Transaction Amount, High Transaction Velocity",False,False,False,False,Rapid Large Transfers
44606803-0625-4fe5-a74a-56efb0dfb8f5,2024-02-28,11:56:20,2478f2d9-e819-440c-822d-9b5a8a6aaa7d,14b1e510-2086-488a-b7b7-e69cd2404807,France,Brazil,PayPal,40339.29,EUR,6,False,False,5,True,False,False,0.3676691559534607,False,High Transaction Velocity,False,False,False,False,Credential Stuffing/Brute Force
dbe3ce53-01fa-45df-9437-830b4169a212,2024-09-19,23:24:17,a6a9feb2-44ab-4a92-b1ae-2648a27f0974,43035ab4-8311-49bd-9283-f04a50b866a7,India,UK,Skrill,103345.26,INR,8,False,True,0,True,False,False,0.42787431165570317,False,"High Transaction Amount, High Transaction Velocity",False,False,False,False,Cross-border FX Risk
10db9383-7048-4728-9648-7cbab2f5945b,2023-10-27,17:49:06,d88eee9a-5576-4837-8fc5-a19b034da082,2adfb3f4-eb1b-4111-9e86-03e69162e743,Canada,UK,Payoneer,125270.97,CAD,6,False,False,1,True,True,False,0.39150997365076745,False,"High Transaction Amount, High Transaction Velocity, Known fraudster involved",False,False,False,False,Known Fraudster
f08cf5ce-f237-4fd0-a9da-c151521bb5d7,2024-07-28,12:32:58,c7814ac3-62c2-4871-930e-1190c78320a0,5c57ddeb-2042-4cdd-a69b-b23340ada075,USA,Netherlands,Cryptocurrency,44703.66,USD,6,True,False,3,True,False,False,0.3965968447195716,False,High Transaction Velocity,False,False,False,False,Credential Stuffing/Brute Force
16fd4873-a49c-4312-b2eb-f80b59398d53,2023-10-21,21:01:39,4ad8f518-777d-4180-b077-b16ad79f3959,d5b6b881-23bf-426a-b2f7-155135347493,Germany,Netherlands,UPI,36953.45,EUR,7,True,False,3,True,False,False,0.39388114948799463,False,High Transaction Velocity,False,False,False,False,Credential Stuffing/Brute Force
3da4e145-21d3-4004-9577-530a924da937,2024-07-18,16:39:50,3f18eb83-6c8b-4d83-b7fa-2ced1efa8923,b0cd1bee-57c0-4551-9645-ed7065432dd1,Australia,Brazil,UPI,49551.38,AUD,7,True,False,2,True,False,False,0.3196912894845625,False,High Transaction Velocity,False,False,False,False,Odd-hour Activity
b0b8be21-a946-4901-af8b-46dab1dd8063,2023-11-01,00:53:40,d71f0f58-65c5-4d1d-9408-300e7203e03b,4f067236-438b-4d85-8905-bd41cbf00b39,Australia,Australia,bank transfer,48630.47,AUD,8,True,False,5,True,False,False,0.40025237847611067,False,High Transaction Velocity,False,False,False,False,Rapid Large Transfers
1049e338-cb55-4959-a2ec-42775fb99abd,2024-05-03,06:50:37,97124a96-2ee5-4e44-8dce-fd134ab38c17,baddde71-4b51-462a-b0e8-0b2386ec2825,Netherlands,Canada,Payoneer,33711.41,EUR,7,True,False,4,True,False,False,0.4085146036314501,False,High Transaction Velocity,False,False,False,False,Credential Stuffing/Brute Force
414a57b2-8338-4228-9dfe-6f7e55fbb0e1,2024-08-06,09:35:21,6ce42e90-e951-47c8-a3f1-3c526857dd7f,c727ad7f-b41e-40ea-a70a-e098c651e907,Japan,UK,Cryptocurrency,48040.69,JPY,6,True,True,3,True,False,False,0.4248619724937003,False,High Transaction Velocity,False,False,False,False,Cross-border FX Risk
06b0cab7-2390-4854-9e10-0db45277ce6f,2024-06-08,22:14:35,d1bfc9bc-a572-40bb-a8c6-de528fa25cf7,d78522a4-4d17-4011-b702-eed4d4b6680a,USA,India,UPI,30011.83,USD,10,True,False,4,True,False,False,0.40431507539764167,False,High Transaction Velocity,False,False,False,False,Rapid Large Transfers
69a37840-89c8-40e1-9acd-78f27ba66c29,2024-01-26,12:15:41,eeb0beae-e74e-48a5-b286-d74f6e84bd8c,f0b11466-b888-4fe0-a3b8-b438bac25d72,Japan,Netherlands,UPI,105656.1,JPY,11,True,False,3,True,False,False,0.4968563280451088,False,"High Transaction Amount, High Transaction Velocity",False,False,False,False,Rapid Large Transfers
8dcf804b-e2e5-4825-9bb4-91d0c68e370d,2023-11-24,14:49:03,3b6722c3-3cd5-45b6-b783-bef20dcbd8f2,4fab8ba1-4189-43fa-816b-1738a382a606,France,USA,bank transfer,78149.78,EUR,6,False,True,0,True,False,False,0.3228336949992192,False,High Transaction Velocity,False,False,False,False,Cross-border FX Risk
d4d022df-c11f-41dc-9c73-6056030aad6b,2024-03-21,13:39:29,fe3e05d1-5206-444d-9a19-b42a544b64b5,2b753f0c-40ed-4c4a-b1ba-1bcff09acfa3,UK,USA,PayPal,47259.0,GBP,8,True,False,0,True,False,False,0.32101313134276405,False,High Transaction Velocity,False,False,False,False,Rapid Large Transfers
11a024c8-622d-462d-abeb-5c3d64dc262a,2024-04-17,21:12:39,92959e7d-6cd3-45ce-bd24-e46660a69869,e9069e2f-72c0-4a14-95e8-fb2faa8fdd53,Germany,India,PayPal,42385.06,EUR,9,True,True,2,True,False,False,0.34752608923641365,False,High Transaction Velocity,False,False,False,False,Cross-border FX Risk
4e9c8037-72f8-46aa-a9ed-4c7362b0c2e4,2024-01-25,07:44:11,093948ab-d12c-4a3b-bc3e-c86ed9e5fb29,e316049c-391b-4d53-9272-5d5a1c9d9922,UK,Japan,Payoneer,146312.1,GBP,3,False,True,4,True,False,False,0.39741681875681106,False,High Transaction Amount,False,False,False,False,Cross-border FX Risk
cd51e851-d910-4fc7-bb1c-0d8ad431e552,2024-05-22,11:59:12,5951e985-5516-46c8-8c32-5178e7494dfc,46351e65-fa5c-4fc3-be6f-6dd0032d3aef,USA,Australia,Skrill,185456.65,USD,1,True,True,4,True,False,False,0.4188503992462077,False,High Transaction Amount,False,False,False,False,Cross-border FX Risk
6c52dac8-cbdb-42a3-ac8a-2859f105a53d,2024-09-12,11:31:37,596101a0-db60-42c1-99b4-9a4c12820ff6,4042ffda-fb9e-458f-83f8-1012c81dd2e0,Canada,Germany,Skrill,103187.65,CAD,9,False,False,4,True,False,False,0.4746668201522722,False,"High Transaction Amount, High Transaction Velocity",False,False,False,False,Rapid Large Transfers
702371ee-a458-4198-80c4-4dbceaa3d2ca,2023-12-08,16:47:32,1d40b886-d782-48e3-9a9e-631463f9a0ef,f6f2ad2a-275a-4826-959b-b715eddae96c,USA,Australia,Skrill,101489.07,USD,12,True,False,0,True,False,False,0.4294734892357381,False,"High Transaction Amount, High Transaction Velocity",False,False,False,False,Rapid Large Transfers
67bd27b8-048b-40a9-852a-b7f134dfc87b,2024-08-07,08:23:37,0736ff03-d25a-43bb-a216-749609cfab38,3181b2cf-45b3-4097-8475-7c3e36e7b5a8,Netherlands,UK,Payoneer,51633.46,EUR,6,True,True,4,True,False,False,0.43395820368321947,False,High Transaction Velocity,False,False,False,False,Cross-border FX Risk
ddaf2ab3-6fd0-486c-93dd-d609614b7e80,2024-01-13,09:53:36,c381f0a5-7a77-4da8-9d41-797d75d87aa6,886e881b-deb0-41f1-ab94-f43f94e0cf16,Brazil,Japan,bank transfer,62460.58,BRL,9,False,True,2,True,False,False,0.31749538513807596,False,High Transaction Velocity,False,False,False,False,Cross-border FX Risk
c2ab5fc2-c28b-4a5c-8882-cb4d075ea494,2024-04-01,00:24:15,bab23bb1-78bb-4f59-822c-8197fe2d20f3,b3ca98b7-b083-44b6-91c0-7e02ea30e33d,UK,USA,PayPal,31818.19,GBP,12,True,False,0,True,False,False,0.32101313134276405,False,High Transaction Velocity,False,False,False,False,Rapid Large Transfers
b723970b-5c33-40f4-b200-5d73b6c889b7,2024-06-23,22:48:30,5f47b638-19c9-40a1-89ba-ad35baebc9dd,8033d0b7-4eca-45a6-84d7-3f473e04ec59,Canada,USA,PayPal,167161.2,CAD,9,False,False,2,True,False,False,0.415183909530181,False,"High Transaction Amount, High Transaction Velocity",False,False,False,False,Rapid Large Transfers
